Building,R2,RMSE,MAE,MAPE_pct,Features,Mean_kWh,Std_kWh
Shops,0.9387749220053189,14.254103363151252,9.48434048342712,18.701671224523796,12,127.55242021450914,80.40879479702791
Hospitals,0.932449233333317,2.5301563053025142,1.7408187927816987,7.360007588806096,12,22.195703257390857,10.590599818775544
Restaurants,0.8313575636216838,103.39662616589861,51.453165105775746,62.86607973005276,12,256.49829588396454,210.0738486828339
Schools,0.8111733078706302,52.98357712165035,33.43237724156029,150.14235311947445,12,104.55491036021208,113.93479358603282
