model,feature_set,num_features,sequence_length,RMSE,MAE,R2,MAPE
LSTM,lite,12,24,4.355545308438935,3.309361651436082,0.7953983549447861,13.427020740347087
