,RMSE_improvement,MAE_improvement,R2_improvement,MAPE_improvement
SVR,-6197915262266955.0,-5511619066604302.0,-1.8516854666998483,-4832697434077337.0
KNN,-1.9282672358270612e+16,-1.7779403626618446e+16,-17.922987147910263,-1.870324791102072e+16
Random Forest,-2370426529641215.5,-1586152200287523.2,-0.27085006712923576,-1636560395238111.0
