,RMSE_improvement,MAE_improvement,R2_improvement,MAPE_improvement
SVR,-2587432972354410.0,-2182891177119355.8,-1.4117380037090954,-2030337970071320.2
KNN,-8457520034131355.0,-7742860957988950.0,-15.083494180338054,-8408558392529942.0
Random Forest,-1457647923144830.8,-910780444676587.8,-0.44804451600188866,-906746982028974.4
