,RMSE,MAE,R2,MAPE,RMSE_rank,MAE_rank,R2_rank,MAPE_rank,avg_rank
Linear Regression,2.121688395148781e-14,1.679612462334516e-14,1.0,7.041254184220407e-14,1.0,1.0,1.0,1.0,1.0
Random Forest,0.5029306459492775,0.2664121002762404,0.9972914993287076,1.152343773070044,2.0,2.0,2.0,2.0,2.0
SVR,1.2966420460567505,0.9080011267126283,0.9819966656086732,3.3517484471086316,3.0,3.0,3.0,3.0,3.0
KNN,4.091182216999915,2.9862507904144002,0.8207701285208974,13.169432261198697,4.0,4.0,4.0,4.0,4.0
