,RMSE,MAE,R2,MAPE,RMSE_rank,MAE_rank,R2_rank,MAPE_rank,avg_rank
Linear Regression,4.437634927290983e-14,3.5553558571657415e-14,1.0,1.4546729412986842e-13,1.0,1.0,1.0,1.0,1.0
Random Forest,0.6468509335441107,0.32381485885732797,0.9955195548399811,1.3190202993619389,2.0,2.0,2.0,2.0,2.0
SVR,1.14820829301447,0.7760954932127077,0.985882619962909,2.9534777067541933,3.0,3.0,3.0,3.0,3.0
KNN,3.7531386301724967,2.7528626058206314,0.8491650581966195,12.231702368943413,4.0,4.0,4.0,4.0,4.0
